"GeneSymbol"	"GeneID"	"# Interactors"
"ADA"	"100"	1.
"ACOT8"	"10005"	9.
"KCNE3"	"10008"	56.
"TEN1"	"100134934"	2.
"BCL2L11"	"10018"	29.
"CST8"	"10047"	5.
"DNAJB6"	"10049"	15.
"DNM1L"	"10059"	1.
"CDH8"	"1006"	13.
"PTPRU"	"10076"	5.
"TSSC4"	"10078"	22.
"GPC6"	"10082"	7.
"EDIL3"	"10085"	3.
"ARPC1B"	"10095"	11.
"TSPAN2"	"10100"	9.
"NUBP2"	"10101"	4.
"TSFM"	"10102"	5.
"CTDSP2"	"10106"	6.
"TRIM10"	"10107"	16.
"CDH13"	"1012"	2.
"ACTR1A"	"10121"	10.
"ARL4C"	"10123"	19.
"ZNF263"	"10127"	2.
"PDIA6"	"10130"	3.
"NAMPT"	"10135"	2.
"CELA3A"	"10136"	16.
"YAF2"	"10138"	38.
"CLEC3A"	"10143"	9.
"ATP6AP2"	"10159"	19.
"SLC25A13"	"10165"	29.
"CDK2"	"1017"	24.
"RCL1"	"10171"	2.
"SORBS3"	"10174"	14.
"RBM7"	"10179"	7.
"LHFPL2"	"10184"	15.
"RNF41"	"10193"	8.
"MPHOSPH6"	"10200"	14.
"DHRS2"	"10202"	0.
"ANGPTL7"	"10218"	15.
"CDK7"	"1022"	5.
"STX6"	"10228"	19.
"DCAF7"	"10238"	17.
"MRPS31"	"10240"	4.
"RABEPK"	"10244"	5.
"POP7"	"10248"	15.
"CDK9"	"1025"	10.
"RAMP3"	"10268"	34.
"STUB1"	"10273"	7.
"BCAS2"	"10286"	20.
"DNAJA2"	"10294"	76.
"TCIRG1"	"10312"	22.
"LANCL1"	"10314"	11.
"TNIP1"	"10318"	7.
"CDKN2D"	"1032"	6.
"IKZF1"	"10320"	30.
"RXYLT1"	"10329"	4.
"B3GNT3"	"10331"	1.
"TRDN"	"10345"	125.
"NPM3"	"10360"	70.
"HMG20B"	"10362"	10.
"HMG20A"	"10363"	48.
"MICU1"	"10367"	6.
"TUBB3"	"10381"	22.
"CDR2"	"1039"	14.
"CORO2B"	"10391"	33.
"MYL12B"	"103910"	19.
"PRG3"	"10394"	63.
"RACK1"	"10399"	19.
"ADARB1"	"104"	8.
"CDS1"	"1040"	1.
"NDC80"	"10403"	17.
"NSA2"	"10412"	9.
"UBAC1"	"10422"	6.
"C1D"	"10438"	6.
"LRRN2"	"10446"	6.
"ACAA2"	"10449"	3.
"PPIE"	"10450"	11.
"TAB1"	"10454"	7.
"TACC3"	"10460"	10.
"CLGN"	"1047"	306.
"TADA3"	"10474"	13.
"NXF1"	"10482"	24.
"SEC23B"	"10483"	10.
"CREB3"	"10488"	18.
"SYNCRIP"	"10492"	8.
"STK25"	"10494"	22.
"SEMA3C"	"10512"	1.
"FBLN5"	"10516"	19.
"CIB2"	"10518"	37.
"ATG7"	"10533"	4.
"ZNRD2"	"10534"	127.
"LAMTOR5"	"10542"	10.
"ARPC1A"	"10552"	11.
"RPP30"	"10556"	10.
"OLFM4"	"10562"	32.
"SLC34A2"	"10568"	4.
"SLU7"	"10569"	3.
"DPYSL4"	"10570"	8.
"CCT7"	"10574"	17.
"NPC2"	"10577"	5.
"GNLY"	"10578"	25.
"SCGN"	"10590"	15.
"HEXIM1"	"10614"	11.
"STAMBP"	"10617"	8.
"TGOLN2"	"10618"	15.
"NPRL2"	"10641"	5.
"IGF2BP3"	"10643"	20.
"SCGB1D1"	"10648"	24.
"MTX2"	"10651"	7.
"YKT6"	"10652"	5.
"SPINT2"	"10653"	29.
"CD226"	"10666"	71.
"CGRRF1"	"10668"	9.
"CGREF1"	"10669"	6.
"DCTN6"	"10671"	11.
"GNA13"	"10672"	5.
"CETN1"	"1068"	26.
"PNMA2"	"10687"	144.
"CNPY3"	"10695"	10.
"FAM189B"	"10712"	19.
"PTGES3"	"10728"	27.
"NUP50"	"10762"	16.
"POP4"	"10775"	11.
"ZNF274"	"10782"	4.
"CCR9"	"10803"	34.
"CGA"	"1081"	1.
"UTP14A"	"10813"	2.
"PPP1R13L"	"10848"	6.
"RUVBL2"	"10856"	33.
"HCST"	"10870"	7.
"CEACAM8"	"1088"	10.
"MRPS30"	"10884"	39.
"BRD8"	"10902"	7.
"PAPOLA"	"10914"	1.
"MAGED2"	"10916"	13.
"RNPS1"	"10921"	107.
"SPIN1"	"10927"	18.
"MORF4L1"	"10933"	28.
"PRDX3"	"10935"	4.
"STARD3"	"10948"	5.
"BTG3"	"10950"	1.
"OS9"	"10956"	53.
"TMED2"	"10959"	25.
"LMAN2"	"10960"	84.
"ERP29"	"10961"	5.
"YWHAQ"	"10971"	174.
"TMED10"	"10972"	18.
"ASCC3"	"10973"	1.
"COPS6"	"10980"	34.
"RAB32"	"10981"	4.
"MAPRE2"	"10982"	2.
"COPS5"	"10987"	30.
"ILVBL"	"10994"	88.
"KIF2C"	"11004"	5.
"LILRB4"	"11006"	13.
"TLK2"	"11011"	5.
"SNRNP27"	"11017"	38.
"LIAS"	"11019"	8.
"RAB31"	"11031"	10.
"B4GAT1"	"11041"	20.
"DUSP14"	"11072"	6.
"STMN2"	"11075"	17.
"KERA"	"11081"	4.
"DIDO1"	"11083"	3.
"ADAM30"	"11085"	7.
"WDR5"	"11091"	22.
"RPP14"	"11102"	9.
"KRR1"	"11103"	61.
"CEP43"	"11116"	9.
"FOXN3"	"1112"	14.
"GLMN"	"11146"	16.
"LSM6"	"11157"	13.
"CHI3L1"	"1116"	5.
"NUDT3"	"11165"	4.
"FSTL1"	"11167"	8.
"INSL6"	"11172"	28.
"WBP4"	"11193"	4.
"WIF1"	"11197"	3.
"KLK8"	"11202"	7.
"FZD10"	"11211"	70.
"RPL35"	"11224"	4.
"GALNT6"	"11226"	16.
"RASSF8"	"11228"	23.
"POLG2"	"11232"	15.
"PRRT2"	"112476"	18.
"NXPH3"	"11248"	19.
"MAN1B1"	"11253"	4.
"DCTN3"	"11258"	9.
"MRAP2"	"112609"	24.
"NRM"	"11270"	7.
"L3HYPDH"	"112849"	9.
"SGF29"	"112869"	41.
"CHRM3"	"1131"	31.
"CDCA5"	"113130"	12.
"SAAL1"	"113174"	191.
"GPR182"	"11318"	57.
"ECD"	"11319"	15.
"CHRM4"	"1132"	66.
"GPN1"	"11321"	11.
"VSIG4"	"11326"	86.
"TMEM106A"	"113277"	22.
"FKBP9"	"11328"	15.
"TUSC2"	"11334"	7.
"EXOC3"	"11336"	11.
"U2AF2"	"11338"	14.
"OIP5"	"11339"	8.
"CHRNA3"	"1136"	14.
"CHRNA4"	"1137"	54.
"PIK3IP1"	"113791"	3.
"HENMT1"	"113802"	1.
"CHRNB1"	"1140"	49.
"BUD23"	"114049"	5.
"CHRNB2"	"1141"	35.
"CHRNB4"	"1143"	14.
"CHRND"	"1144"	9.
"BTBD9"	"114781"	1.
"SLC25A25"	"114789"	12.
"TMEM200A"	"114801"	6.
"RHPN1"	"114822"	10.
"OSBPL5"	"114879"	8.
"OSBPL8"	"114882"	8.
"OSBPL11"	"114885"	58.
"C1QTNF1"	"114897"	26.
"MRFAP1L1"	"114932"	2.
"FLYWCH2"	"114984"	4.
"VASN"	"114990"	32.
"ADCY9"	"115"	13.
"KCTD12"	"115207"	15.
"FBXO17"	"115290"	7.
"MALSU1"	"115416"	12.
"ZNF689"	"115509"	5.
"TRMT61A"	"115708"	7.
"DIS3L"	"115752"	3.
"FANCD2OS"	"115795"	25.
"RNF166"	"115992"	12.
"ADCYAP1"	"116"	18.
"KLHDC3"	"116138"	13.
"ZMYND19"	"116225"	11.
"LYPD1"	"116372"	83.
"IL22RA2"	"116379"	5.
"TSEN15"	"116461"	9.
"HSPA12B"	"116835"	13.
"TADA1"	"117143"	12.
"AP2S1"	"1175"	28.
"RFFL"	"117584"	8.
"MUCL1"	"118430"	13.
"ZNF511"	"118472"	6.
"ZFYVE27"	"118813"	1.
"COMTD1"	"118881"	28.
"ANKRD22"	"118932"	35.
"ADD2"	"119"	3.
"CLU"	"1191"	9.
"SFR1"	"119392"	4.
"ANAPC16"	"119504"	14.
"SERPINA3"	"12"	2.
"SDR9C7"	"121214"	3.
"IKBIP"	"121457"	6.
"CMA1"	"1215"	29.
"ANO4"	"121601"	8.
"SPPL3"	"121665"	4.
"TDRD9"	"122402"	1.
"ADSS1"	"122622"	4.
"MRPL52"	"122704"	44.
"FRMD6"	"122786"	3.
"NAA30"	"122830"	14.
"ISCA2"	"122961"	9.
"LRRC28"	"123355"	13.
"CCR6"	"1235"	22.
"FSD2"	"123722"	45.
"CEP20"	"123811"	6.
"CMKLR1"	"1240"	10.
"ZC3H18"	"124245"	8.
"CANT1"	"124583"	3.
"HEXIM2"	"124790"	31.
"CCDC43"	"124808"	4.
"CYB5D2"	"124936"	12.
"MRPL10"	"124995"	32.
"ZNF543"	"125919"	1.
"SWSAP1"	"126074"	2.
"CNGA3"	"1261"	8.
"NTN5"	"126147"	30.
"ZNF428"	"126299"	11.
"MISP"	"126353"	11.
"LRRC25"	"126364"	14.
"CNN3"	"1266"	10.
"MAB21L3"	"126868"	14.
"CNTFR"	"1271"	5.
"TCEANC2"	"127428"	11.
"ARL8A"	"127829"	10.
"SYT2"	"127833"	67.
"IQGAP3"	"128239"	23.
"BHLHE23"	"128408"	5.
"SPATA25"	"128497"	16.
"SIRPD"	"128646"	5.
"EMID1"	"129080"	33.
"NUP35"	"129401"	8.
"TAF8"	"129685"	16.
"FBLN7"	"129804"	11.
"RBM45"	"129831"	2.
"ZFAND2B"	"130617"	10.
"CPNE4"	"131034"	3.
"KLHL40"	"131377"	32.
"CD200R1"	"131450"	19.
"CHCHD4"	"131474"	35.
"LRRC15"	"131578"	4.
"FAM43A"	"131583"	5.
"SLC31A1"	"1317"	24.
"LSMEM2"	"132228"	10.
"FAM241A"	"132720"	13.
"GNPDA2"	"132789"	4.
"COX5B"	"1329"	21.
"ENPP6"	"133121"	14.
"EMB"	"133418"	5.
"CAPSL"	"133690"	3.
"CCDC127"	"133957"	13.
"COX6B1"	"1340"	5.
"GRPEL2"	"134266"	6.
"TMEM171"	"134285"	23.
"C5orf24"	"134553"	2.
"HINT3"	"135114"	8.
"C6orf141"	"135398"	13.
"HUS1B"	"135458"	11.
"SSMEM1"	"136263"	36.
"MTPN"	"136319"	4.
"MPLKIP"	"136647"	6.
"GPAT4"	"137964"	2.
"CARNMT1"	"138199"	15.
"ATF2"	"1386"	9.
"PTPDC1"	"138639"	5.
"RPP25L"	"138716"	21.
"SPANXN3"	"139067"	42.
"CRHBP"	"1393"	20.
"SPIN4"	"139886"	7.
"CRP"	"1401"	49.
"TCP10L"	"140290"	18.
"ASB9"	"140462"	24.
"CBLN4"	"140689"	5.
"TRIM69"	"140691"	2.
"DYNLL2"	"140735"	95.
"CST11"	"140880"	5.
"PABPC5"	"140886"	6.
"CRYAB"	"1410"	8.
"CRYBA4"	"1413"	4.
"CRYBB3"	"1417"	9.
"ITLN2"	"142683"	6.
"CRYZ"	"1429"	10.
"MAPK14"	"1432"	14.
"PIWIL4"	"143689"	3.
"GLIPR1L2"	"144321"	19.
"CPNE8"	"144402"	2.
"FBXL14"	"144699"	14.
"CSN2"	"1447"	4.
"CSNK1A1"	"1452"	8.
"SERPINA12"	"145264"	18.
"CSNK1D"	"1453"	33.
"CSNK1G2"	"1455"	5.
"MDP1"	"145553"	3.
"CSNK1G3"	"1456"	5.
"HAPLN3"	"145864"	20.
"CSNK2A2"	"1459"	32.
"CSNK2B"	"1460"	55.
"RNF151"	"146310"	2.
"FBXL16"	"146330"	58.
"ZNF785"	"146540"	19.
"CST1"	"1469"	3.
"TRIM16L"	"147166"	16.
"CST5"	"1473"	6.
"CST6"	"1474"	7.
"ANKRD29"	"147463"	6.
"KLC3"	"147700"	12.
"ZNF784"	"147808"	34.
"SPC24"	"147841"	11.
"FAM187B"	"148109"	14.
"CTAG1B"	"1485"	4.
"UBE2U"	"148581"	8.
"CTH"	"1491"	1.
"CTLA4"	"1493"	29.
"PDIK1L"	"149420"	6.
"CCT8L2"	"150160"	20.
"CCDC117"	"150275"	8.
"HORMAD2"	"150280"	15.
"PNPLA5"	"150379"	2.
"CDPF1"	"150383"	8.
"TTC30B"	"150737"	17.
"CTSG"	"1511"	23.
"FAHD2B"	"151313"	2.
"CTSV"	"1515"	4.
"DTX3L"	"151636"	2.
"SGO1"	"151648"	22.
"PPP4R2"	"151987"	13.
"XXYLT1"	"152002"	16.
"SPICE1"	"152185"	2.
"NIPAL1"	"152519"	26.
"SHISA3"	"152573"	5.
"TEX28"	"1527"	15.
"CYB5A"	"1528"	10.
"PPM1K"	"152926"	4.
"MBLAC2"	"153364"	6.
"SRFBP1"	"153443"	35.
"ZMAT2"	"153527"	5.
"TTC23L"	"153657"	2.
"PRELID2"	"153768"	1.
"CNKSR3"	"154043"	11.
"SLC2A12"	"154091"	46.
"CYP1A1"	"1543"	2.
"BMT2"	"154743"	4.
"IQUB"	"154865"	7.
"CYP2C18"	"1562"	8.
"FBXO16"	"157574"	9.
"TMEM74"	"157753"	33.
"ADSL"	"158"	4.
"LINGO2"	"158038"	2.
"LCN6"	"158062"	66.
"TTC16"	"158248"	3.
"RIBC1"	"158787"	21.
"H2BW1"	"158983"	2.
"PATE1"	"160065"	92.
"CLEC12A"	"160364"	8.
"CD55"	"1604"	8.
"DAXX"	"1616"	27.
"RETREG3"	"162427"	33.
"DBN1"	"1627"	20.
"ZNF550"	"162972"	4.
"DCK"	"1633"	5.
"DCN"	"1634"	6.
"TOR1AIP2"	"163590"	12.
"IFNLR1"	"163702"	4.
"KANK4"	"163782"	22.
"DDB2"	"1643"	22.
"AKR1C2"	"1646"	11.
"GADD45A"	"1647"	2.
"DDX1"	"1653"	10.
"DNAJB8"	"165721"	39.
"GPR156"	"165829"	24.
"DHX8"	"1659"	35.
"SGMS2"	"166929"	4.
"DEFA5"	"1670"	27.
"DCP2"	"167227"	8.
"DES"	"1674"	15.
"DFFB"	"1677"	3.
"ZNF467"	"168544"	4.
"GSDME"	"1687"	119.
"SSBP4"	"170463"	9.
"CLEC4C"	"170482"	4.
"FAM9B"	"171483"	37.
"FAM9C"	"171484"	8.
"DHCR24"	"1718"	12.
"DHFR"	"1719"	4.
"DLG3"	"1741"	8.
"AGA"	"175"	1.
"DMD"	"1756"	17.
"DNASE1L1"	"1774"	14.
"DNASE1L2"	"1775"	14.
"DNASE2"	"1777"	6.
"ABAT"	"18"	1.
"AGRP"	"181"	4.
"DRG2"	"1819"	3.
"RCAN1"	"1827"	10.
"DTNA"	"1837"	2.
"DVL2"	"1856"	18.
"TOR1A"	"1861"	5.
"APLNR"	"187"	30.
"EDA"	"1896"	38.
"S1PR1"	"1901"	38.
"LPAR1"	"1902"	339.
"S1PR3"	"1903"	138.
"EDN3"	"1908"	9.
"EDNRA"	"1909"	4.
"EEF1A2"	"1917"	13.
"EFNB1"	"1947"	25.
"EFNB2"	"1948"	24.
"EFNB3"	"1949"	8.
"SDR16C5"	"195814"	1.
"EHHADH"	"1962"	22.
"DTX3"	"196403"	19.
"EEF2KMT"	"196483"	5.
"EIF4A1"	"1973"	11.
"ACSF3"	"197322"	2.
"EIF4E"	"1977"	12.
"ELANE"	"1991"	6.
"ELAVL2"	"1993"	14.
"ELAVL4"	"1996"	7.
"A2M"	"2"	13.
"PLD5"	"200150"	4.
"TEX37"	"200523"	4.
"APLF"	"200558"	21.
"ARL13B"	"200894"	13.
"FLCN"	"201163"	1.
"PLD6"	"201164"	4.
"TMEM154"	"201799"	12.
"TMEM192"	"201931"	9.
"RWDD4"	"201965"	5.
"KHDRBS2"	"202559"	9.
"TMEM184A"	"202915"	39.
"TUBB"	"203068"	57.
"ADAM32"	"203102"	3.
"FAM219A"	"203259"	7.
"TMEM31"	"203562"	52.
"EPHA1"	"2041"	57.
"DIPK2A"	"205428"	4.
"SENP5"	"205564"	4.
"ERCC3"	"2071"	12.
"ERF"	"2077"	73.
"ERH"	"2079"	20.
"ESRRG"	"2104"	8.
"ETFB"	"2109"	3.
"ETV6"	"2120"	4.
"EXT1"	"2131"	9.
"EXTL3"	"2137"	39.
"ALCAM"	"214"	3.
"EYA3"	"2140"	2.
"EZH2"	"2146"	7.
"FANCG"	"2189"	10.
"FARSA"	"2193"	13.
"CABCOCO1"	"219621"	2.
"TYSND1"	"219743"	4.
"CCNY"	"219771"	6.
"FBLN2"	"2199"	21.
"MRPL21"	"219927"	3.
"VWCE"	"220001"	16.
"LTO1"	"220064"	9.
"CCDC89"	"220388"	12.
"FCER1A"	"2205"	1.
"ALDH3B1"	"221"	17.
"REEP3"	"221035"	3.
"SLC39A12"	"221074"	9.
"SKA3"	"221150"	6.
"MICU2"	"221154"	4.
"CPNE2"	"221184"	19.
"ADGRG5"	"221188"	76.
"LRRC73"	"221424"	23.
"FCGR3B"	"2215"	3.
"FCN1"	"2219"	4.
"RSBN1L"	"222194"	2.
"FDFT1"	"2222"	2.
"FGF8"	"2253"	6.
"FGF10"	"2255"	15.
"FGF11"	"2256"	11.
"FGF13"	"2258"	7.
"FGG"	"2266"	12.
"FGL1"	"2267"	39.
"VEGFD"	"2277"	5.
"COG2"	"22796"	10.
"XRN2"	"22803"	0.
"COPG1"	"22820"	38.
"RHOBTB3"	"22836"	2.
"VASH1"	"22846"	4.
"NTNG1"	"22854"	12.
"FKBP2"	"2286"	5.
"SLITRK3"	"22865"	2.
"TRAK1"	"22906"	18.
"RALY"	"22913"	1.
"KIFAP3"	"22920"	5.
"MSRB2"	"22921"	10.
"SNW1"	"22938"	16.
"CCT5"	"22948"	10.
"TRIM32"	"22954"	3.
"TPX2"	"22974"	2.
"AKR7A3"	"22977"	24.
"FOXD4"	"2298"	9.
"TCF25"	"22980"	5.
"FOXJ1"	"2302"	8.
"TMCC1"	"23023"	4.
"RBM34"	"23029"	4.
"WDTC1"	"23038"	91.
"NMNAT2"	"23057"	10.
"ERP44"	"23071"	3.
"ZNF423"	"23090"	2.
"MRPS27"	"23107"	15.
"PHF8"	"23133"	7.
"LRCH1"	"23143"	9.
"CLCC1"	"23155"	8.
"TBC1D9"	"23158"	6.
"LARP4B"	"23185"	3.
"FAM120A"	"23196"	26.
"FAF2"	"23197"	23.
"PMPCA"	"23203"	6.
"SYT11"	"23208"	21.
"RRS1"	"23212"	30.
"FBXO28"	"23219"	8.
"PDS5A"	"23244"	3.
"FBXW11"	"23291"	75.
"MGRN1"	"23295"	5.
"UBR2"	"23304"	19.
"NEMP1"	"23306"	11.
"KIAA0930"	"23313"	8.
"SATB2"	"23314"	4.
"RRP8"	"23378"	54.
"FNTA"	"2339"	13.
"LARS2"	"23395"	3.
"SIRT5"	"23408"	5.
"ITGB3BP"	"23421"	7.
"RYBP"	"23429"	23.
"ANGPTL2"	"23452"	10.
"HEY1"	"23462"	16.
"CBX6"	"23466"	27.
"QPRT"	"23475"	13.
"BRD4"	"23476"	2.
"SEC11A"	"23478"	6.
"PES1"	"23481"	15.
"HEY2"	"23493"	3.
"TNFRSF13B"	"23495"	24.
"LRRC8B"	"23507"	5.
"ZNF281"	"23528"	1.
"ATP6V0A2"	"23545"	19.
"FOSL2"	"2355"	62.
"CDK20"	"23552"	6.
"TSPAN15"	"23555"	3.
"DDAH2"	"23564"	6.
"ZNF346"	"23567"	40.
"FPR1"	"2357"	102.
"FPR2"	"2358"	15.
"CDC42EP4"	"23580"	9.
"CCNDBP1"	"23582"	3.
"KLHDC2"	"23588"	12.
"AMACR"	"23600"	7.
"ZIM2"	"23619"	5.
"CBLC"	"23624"	7.
"SSBP2"	"23635"	14.
"NUP62"	"23636"	33.
"HSPBP1"	"23640"	6.
"LDOC1"	"23641"	0.
"TRIM29"	"23650"	3.
"STX12"	"23673"	53.
"SDF2L1"	"23753"	6.
"PISD"	"23761"	8.
"MTCH2"	"23788"	9.
"ALOX5"	"240"	5.
"IFIT5"	"24138"	15.
"PRPF6"	"24148"	12.
"ATP6V1C2"	"245973"	18.
"CDC26"	"246184"	12.
"FTH1"	"2495"	6.
"FTL"	"2512"	178.
"TMEM9"	"252839"	20.
"ZNF396"	"252884"	11.
"STXBP4"	"252983"	1.
"FNDC5"	"252995"	3.
"EPHX4"	"253152"	6.
"FYN"	"2534"	13.
"SLC25A30"	"253512"	3.
"CERS6"	"253782"	6.
"KCTD13"	"253980"	8.
"ETFBKMT"	"254013"	2.
"TSGA10IP"	"254187"	3.
"LPCAT4"	"254531"	4.
"XRCC6"	"2547"	8.
"GAA"	"2548"	6.
"LRRC57"	"255252"	4.
"TCP11L2"	"255394"	2.
"H2BC1"	"255626"	21.
"C19orf38"	"255809"	7.
"GABRD"	"2563"	6.
"CCDC96"	"257236"	16.
"KLHL34"	"257240"	2.
"H2AP"	"25763"	2.
"HYPK"	"25764"	6.
"PRPF40B"	"25766"	8.
"CBY1"	"25776"	10.
"SUN2"	"25777"	17.
"FBXO7"	"25793"	25.
"QPCT"	"25797"	3.
"LSM4"	"25804"	20.
"TTLL1"	"25809"	12.
"KLK5"	"25818"	30.
"YIPF3"	"25844"	12.
"ARMC8"	"25852"	21.
"DCAF12"	"25853"	3.
"ABHD14A"	"25864"	9.
"RPL36"	"25873"	10.
"GALNS"	"2588"	13.
"TMEM186"	"25880"	4.
"POC1A"	"25886"	19.
"EEF1AKMT3"	"25895"	2.
"OLFML2B"	"25903"	10.
"CNOT10"	"25904"	103.
"NIPSNAP3A"	"25934"	5.
"FAM98A"	"25940"	18.
"SYF2"	"25949"	8.
"PNKD"	"25953"	5.
"TMEM87A"	"25963"	15.
"MOXD1"	"26002"	1.
"L3MBTL1"	"26013"	4.
"TMEM98"	"26022"	11.
"PPP1R16B"	"26051"	4.
"APPL1"	"26060"	5.
"DCAF4"	"26094"	7.
"CHTOP"	"26097"	10.
"SZRD1"	"26099"	8.
"WIPI2"	"26100"	8.
"PRPF31"	"26121"	9.
"TRPC4AP"	"26133"	10.
"SERBP1"	"26135"	25.
"IRF2BP1"	"26145"	7.
"PHF19"	"26147"	7.
"LRRC32"	"2615"	37.
"NOC2L"	"26155"	7.
"RSL1D1"	"26156"	5.
"B3GAT3"	"26229"	13.
"LRRC29"	"26231"	8.
"FBXO2"	"26232"	206.
"FBXO6"	"26270"	84.
"FBXO5"	"26271"	3.
"FBXO3"	"26273"	11.
"ERAL1"	"26284"	4.
"MYCBP"	"26292"	66.
"GBP1"	"2633"	2.
"HSPB8"	"26353"	33.
"GCG"	"2641"	7.
"INTS6"	"26512"	4.
"TIMM10"	"26519"	5.
"AGO1"	"26523"	19.
"IL36RN"	"26525"	1.
"OSTF1"	"26578"	5.
"MYEOV"	"26579"	4.
"BSCL2"	"26580"	95.
"MRPL46"	"26589"	4.
"NAP1L5"	"266812"	11.
"AMHR2"	"269"	3.
"RANBP6"	"26953"	4.
"GJA1"	"2697"	5.
"AP3M1"	"26985"	10.
"TRUB2"	"26995"	6.
"TPK1"	"27010"	1.
"NPTN"	"27020"	100.
"TRMT2A"	"27037"	2.
"UTP25"	"27042"	9.
"GHITM"	"27069"	1.
"LYPD3"	"27076"	13.
"UQCRQ"	"27089"	10.
"CACNG5"	"27091"	28.
"CACNG4"	"27092"	14.
"TAF5L"	"27097"	4.
"GK"	"2710"	2.
"DKKL1"	"27120"	27.
"DKK3"	"27122"	20.
"CPNE7"	"27132"	7.
"PALD1"	"27143"	5.
"CHIA"	"27159"	15.
"PRELID1"	"27166"	4.
"TUBG2"	"27175"	15.
"IL36A"	"27179"	2.
"DISC1"	"27185"	14.
"GLB1"	"2720"	10.
"C5AR2"	"27202"	8.
"GPKOW"	"27238"	8.
"LSM3"	"27258"	12.
"VENTX"	"27287"	316.
"DHDH"	"27294"	12.
"TP53TG5"	"27296"	5.
"CRCP"	"27297"	2.
"AMPH"	"273"	8.
"GCLM"	"2730"	3.
"P2RY10"	"27334"	8.
"RRP7A"	"27341"	6.
"RABGEF1"	"27342"	36.
"TOR1B"	"27348"	7.
"APOBEC3C"	"27350"	7.
"MAT2B"	"27430"	3.
"GLUL"	"2752"	5.
"GMFB"	"2764"	16.
"GNAI3"	"2773"	19.
"GNAS"	"2778"	8.
"GNB1"	"2782"	34.
"GNG10"	"2790"	11.
"GNL1"	"2794"	6.
"GNS"	"2799"	8.
"GOLGA2"	"2801"	11.
"GOT1"	"2805"	1.
"SFN"	"2810"	19.
"GPM6A"	"2823"	11.
"C10orf53"	"282966"	2.
"P4HA3"	"283208"	41.
"TTC9C"	"283237"	70.
"CXCR3"	"2833"	137.
"SPRYD4"	"283377"	3.
"GATC"	"283459"	5.
"GXYLT1"	"283464"	4.
"GPR12"	"2835"	37.
"BRICD5"	"283870"	30.
"INO80E"	"283899"	41.
"ZNF843"	"283933"	5.
"GPR17"	"2840"	108.
"MILR1"	"284021"	11.
"CAVIN1"	"284119"	101.
"ZADH2"	"284273"	8.
"IZUMO1"	"284359"	9.
"SIGLECL1"	"284369"	44.
"THEM5"	"284486"	8.
"RSPO1"	"284654"	9.
"SPATA46"	"284680"	11.
"NKIRAS2"	"28511"	8.
"DCAF4L1"	"285429"	16.
"RPL7L1"	"285855"	14.
"PAXX"	"286257"	4.
"P2RY8"	"286530"	53.
"GPS1"	"2873"	66.
"GPS2"	"2874"	12.
"GPX7"	"2882"	5.
"GRB2"	"2885"	52.
"CCDC22"	"28952"	26.
"LAMTOR2"	"28956"	11.
"OSTM1"	"28962"	22.
"BZW2"	"28969"	18.
"C11orf54"	"28970"	3.
"MRPS18B"	"28973"	10.
"MRPL42"	"28977"	48.
"IFT81"	"28981"	6.
"MCTS1"	"28985"	3.
"NOB1"	"28987"	8.
"DBNL"	"28988"	4.
"MRPL13"	"28998"	43.
"MRPL18"	"29074"	48.
"NDUFAF4"	"29078"	12.
"MED4"	"29079"	35.
"NR3C1"	"2908"	2.
"CCDC59"	"29080"	10.
"BABAM1"	"29086"	8.
"UBE2T"	"29089"	3.
"RANGRF"	"29098"	1.
"DNAJC15"	"29103"	4.
"NXT1"	"29107"	3.
"CLEC2D"	"29121"	19.
"CD274"	"29126"	5.
"CXCL1"	"2919"	7.
"SLC25A6"	"293"	3.
"GSTT1"	"2952"	7.
"GTF2A2"	"2958"	7.
"GTF2E2"	"2961"	4.
"ABT1"	"29777"	44.
"SENP1"	"29843"	2.
"TFPT"	"29844"	32.
"SNX11"	"29916"	4.
"GYPA"	"2993"	85.
"DSE"	"29940"	1.
"PURG"	"29942"	9.
"CERS2"	"29956"	9.
"NRBP1"	"29959"	10.
"MRM2"	"29960"	3.
"PSAT1"	"29968"	4.
"NRBF2"	"29982"	6.
"RHOD"	"29984"	7.
"GZMH"	"2999"	23.
"NOP53"	"29997"	9.
"NXPH1"	"30010"	6.
"SH3KBP1"	"30011"	76.
"H1-6"	"3010"	32.
"H1-1"	"3024"	58.
"HADHA"	"3030"	41.
"HADHB"	"3032"	25.
"HAL"	"3034"	9.
"HBB"	"3043"	6.
"HBQ1"	"3049"	2.
"HCCS"	"3052"	3.
"SERPIND1"	"3053"	3.
"HDAC1"	"3065"	75.
"HEXA"	"3073"	6.
"HFE"	"3077"	16.
"VSX1"	"30813"	18.
"CXXC1"	"30827"	8.
"NT5C"	"30833"	1.
"DNTTIP2"	"30836"	4.
"EHD2"	"30846"	4.
"CTAG2"	"30848"	8.
"TAX1BP3"	"30851"	30.
"HK1"	"3098"	17.
"ZBTB48"	"3104"	1.
"HLA-DRA"	"3122"	12.
"HLA-E"	"3133"	2.
"HLA-G"	"3135"	2.
"HMGB1"	"3146"	2.
"HMGB2"	"3148"	5.
"HMGCL"	"3155"	21.
"HMGA1"	"3159"	78.
"KLHL10"	"317719"	21.
"HNRNPA1"	"3178"	35.
"HNRNPH2"	"3188"	7.
"HOXA5"	"3202"	8.
"APBA2"	"321"	9.
"HOXB6"	"3216"	7.
"HOXC9"	"3225"	13.
"APBB2"	"323"	17.
"HOXD4"	"3233"	7.
"HPN"	"3249"	181.
"HPS1"	"3257"	6.
"HRAS"	"3265"	2.
"MMAB"	"326625"	7.
"PRMT2"	"3275"	43.
"HSF2"	"3298"	3.
"DNAJB2"	"3300"	36.
"HSPA2"	"3306"	25.
"HSPA8"	"3312"	89.
"HSP90AB1"	"3326"	20.
"HSPD1"	"3329"	19.
"HTR1E"	"3354"	131.
"HTR2C"	"3358"	42.
"HTR3A"	"3359"	18.
"GPIHBP1"	"338328"	39.
"C1QL4"	"338761"	18.
"C1QTNF9"	"338872"	55.
"TMEM95"	"339168"	32.
"C1orf174"	"339448"	42.
"FAM170A"	"340069"	24.
"BEX5"	"340542"	7.
"VSIG1"	"340547"	221.
"DCAF12L2"	"340578"	20.
"H1-7"	"341567"	15.
"SMTNL2"	"342527"	12.
"TCTEX1D4"	"343521"	8.
"IFNA8"	"3445"	4.
"IFNA14"	"3448"	5.
"IFNA21"	"3452"	5.
"IFNAR1"	"3454"	13.
"ACTBL2"	"345651"	4.
"FAM174A"	"345757"	23.
"IFNG"	"3458"	15.
"KLRG2"	"346689"	13.
"APOD"	"347"	1.
"LRRTM1"	"347730"	21.
"LRRTM3"	"347731"	14.
"IGF2"	"3481"	15.
"SKA2"	"348235"	9.
"IGFBP4"	"3487"	11.
"NUP43"	"348995"	13.
"ACADS"	"35"	2.
"IL1RN"	"3557"	7.
"FASLG"	"356"	16.
"IL2RG"	"3561"	13.
"IL5RA"	"3568"	18.
"IL12A"	"3592"	6.
"IL12RB1"	"3594"	22.
"IL13"	"3596"	4.
"IL13RA2"	"3598"	17.
"TNFRSF9"	"3604"	20.
"ILF3"	"3609"	6.
"IMPDH1"	"3614"	26.
"INHA"	"3623"	8.
"ACADVL"	"37"	5.
"IVD"	"3712"	1.
"JUNB"	"3726"	13.
"ANOS1"	"3730"	6.
"KCNA2"	"3737"	27.
"DND1"	"373863"	88.
"KCNA5"	"3741"	5.
"NDUFS7"	"374291"	5.
"PTCHD3"	"374308"	1.
"NHLRC2"	"374354"	4.
"NCR3LG1"	"374383"	9.
"CERKL"	"375298"	10.
"KCNJ5"	"3762"	3.
"RAB15"	"376267"	5.
"ARF5"	"381"	4.
"KLK1"	"3816"	17.
"KLK2"	"3817"	80.
"KNG1"	"3827"	3.
"KLC1"	"3831"	13.
"KPNA1"	"3836"	90.
"KPNA2"	"3838"	58.
"ARG2"	"384"	1.
"RHOA"	"387"	10.
"ZKSCAN4"	"387032"	6.
"THEMIS"	"387357"	5.
"FIBIN"	"387758"	5.
"SPDYC"	"387778"	6.
"CLEC12B"	"387837"	10.
"C1QTNF9B"	"387911"	83.
"NHLRC3"	"387921"	3.
"C16orf87"	"388272"	17.
"CCDC103"	"388389"	4.
"LDLRAD1"	"388633"	26.
"DIPK1A"	"388650"	19.
"C1orf189"	"388701"	2.
"TSPYL6"	"388951"	16.
"RHOC"	"389"	11.
"LIN28B"	"389421"	30.
"RND3"	"390"	2.
"LAIR2"	"3904"	32.
"VSIG8"	"391123"	2.
"FAM221B"	"392307"	2.
"LBR"	"3930"	9.
"LCN2"	"3934"	2.
"LCP1"	"3936"	4.
"LDHC"	"3948"	5.
"LECT2"	"3950"	3.
"LGALS1"	"3956"	103.
"LGALS3"	"3958"	107.
"LGALS3BP"	"3959"	34.
"LGALS8"	"3964"	45.
"LGALS9"	"3965"	51.
"LIG3"	"3980"	9.
"LIMK2"	"3985"	9.
"LLGL2"	"3993"	16.
"FADS3"	"3995"	7.
"KNOP1"	"400506"	4.
"C1orf226"	"400793"	2.
"LMX1B"	"4010"	8.
"SOHLH1"	"402381"	4.
"CUEDC1"	"404093"	31.
"DENND10"	"404636"	141.
"LTBR"	"4055"	3.
"DUOXA2"	"405753"	27.
"BCAM"	"4059"	7.
"LUM"	"4060"	2.
"LY6H"	"4062"	5.
"LYZ"	"4069"	3.
"TACSTD2"	"4070"	152.
"MAD2L1"	"4085"	48.
"SMAD4"	"4089"	4.
"ARSA"	"410"	3.
"MAGEA1"	"4100"	22.
"MAGEA4"	"4103"	19.
"MAGEA8"	"4107"	41.
"MAGEA9"	"4108"	66.
"MAGEA10"	"4109"	83.
"MAGEB2"	"4113"	87.
"MAGEB3"	"4114"	9.
"MCL1"	"4170"	14.
"DNAJB9"	"4189"	8.
"MECP2"	"4204"	11.
"MEIS2"	"4212"	5.
"MFAP4"	"4239"	17.
"MFGE8"	"4240"	38.
"MELTF"	"4241"	5.
"SCGB2A1"	"4246"	3.
"MIA2"	"4253"	10.
"MICB"	"4277"	78.
"MLF1"	"4291"	9.
"MLH1"	"4292"	9.
"MMP2"	"4313"	17.
"MMP3"	"4314"	14.
"MMP14"	"4323"	9.
"ASGR2"	"433"	14.
"MNAT1"	"4331"	13.
"MPP2"	"4355"	7.
"GET3"	"439"	10.
"PSG8"	"440533"	8.
"LRRC52"	"440699"	11.
"RFPL4B"	"442247"	7.
"ASPH"	"444"	40.
"ARHGEF35"	"445328"	13.
"NCK1"	"4690"	42.
"NDUFA9"	"4704"	23.
"NDUFB5"	"4711"	15.
"NDUFB8"	"4714"	11.
"NDUFC2"	"4718"	21.
"NDUFV2"	"4729"	36.
"DRG1"	"4733"	6.
"SEPTIN2"	"4735"	16.
"RPL10A"	"4736"	16.
"NEFM"	"4741"	13.
"NEUROG1"	"4762"	7.
"ATP1A3"	"478"	19.
"NFKBIB"	"4793"	55.
"NHLH2"	"4808"	5.
"NIT1"	"4817"	2.
"ATP1B3"	"483"	9.
"NME3"	"4832"	24.
"NOP2"	"4839"	4.
"NONO"	"4841"	9.
"CNOT3"	"4849"	33.
"NOTCH2"	"4853"	91.
"NPAS1"	"4861"	10.
"NPM1"	"4869"	28.
"NPPA"	"4878"	7.
"NPPB"	"4879"	123.
"NPY2R"	"4887"	1.
"NUP88"	"4927"	5.
"OAS1"	"4938"	65.
"GPX8"	"493869"	3.
"OPCML"	"4978"	1.
"WRAP73"	"49856"	23.
"OSM"	"5008"	4.
"P2RY1"	"5028"	8.
"P2RY4"	"5030"	2.
"PAEP"	"5047"	13.
"SERPINB2"	"5055"	21.
"ATP5F1B"	"506"	22.
"GALNT9"	"50614"	4.
"ATP6V0A4"	"50617"	17.
"NEUROG3"	"50674"	21.
"REG3A"	"5068"	1.
"DCAF8"	"50717"	32.
"PARN"	"5073"	3.
"NSDHL"	"50814"	7.
"TRAT1"	"50852"	5.
"CLEC4A"	"50856"	28.
"STMN3"	"50861"	3.
"PCCA"	"5095"	4.
"PCCB"	"5096"	2.
"SOST"	"50964"	6.
"TMED5"	"50999"	31.
"ASCC1"	"51008"	7.
"WASHC3"	"51019"	27.
"MRPS18C"	"51023"	17.
"PI15"	"51050"	5.
"PCK2"	"5106"	3.
"YARS2"	"51067"	3.
"NMD3"	"51068"	1.
"MRPL2"	"51069"	51.
"MEMO1"	"51072"	2.
"NDUFA13"	"51079"	39.
"MRPS7"	"51081"	8.
"POLR1D"	"51082"	19.
"YBX2"	"51087"	62.
"SIDT2"	"51092"	8.
"SCCPDH"	"51097"	30.
"SH3GLB1"	"51100"	3.
"TFB1M"	"51106"	2.
"METTL9"	"51108"	32.
"RDH11"	"51109"	2.
"ZDHHC9"	"51114"	11.
"RMDN1"	"51115"	1.
"MRPS2"	"51116"	16.
"UTP11"	"51118"	2.
"SBDS"	"51119"	8.
"RPL26L1"	"51121"	49.
"COMMD2"	"51122"	23.
"GOLGA7"	"51125"	3.
"RLIM"	"51132"	3.
"SDF4"	"51150"	10.
"SERPINA10"	"51156"	2.
"C3orf18"	"51161"	19.
"EGFL7"	"51162"	30.
"PLEKHO1"	"51177"	4.
"HSPA14"	"51182"	3.
"GPN3"	"51184"	18.
"TCEAL9"	"51186"	12.
"CPA4"	"51200"	5.
"PCP4"	"5121"	2.
"ABI3"	"51225"	28.
"GLTP"	"51228"	3.
"PHF20"	"51230"	8.
"RNF181"	"51255"	3.
"MRPL51"	"51258"	39.
"MRPL27"	"51264"	35.
"BPIFA1"	"51297"	2.
"PCYT1A"	"5130"	7.
"TIMMDC1"	"51300"	3.
"ARMCX1"	"51309"	6.
"SPG21"	"51324"	9.
"AHSP"	"51327"	6.
"FZR1"	"51343"	24.
"TEX264"	"51368"	12.
"MRPS17"	"51373"	8.
"UCHL5"	"51377"	31.
"EIF3L"	"51386"	11.
"NIP7"	"51388"	2.
"PPME1"	"51400"	8.
"NOL7"	"51406"	12.
"ACTL6B"	"51412"	10.
"SNX9"	"51429"	28.
"ANAPC5"	"51433"	31.
"SCARA3"	"51435"	9.
"FAM8A1"	"51439"	10.
"NELFCD"	"51497"	8.
"ATP5PB"	"515"	14.
"GTSE1"	"51512"	7.
"NCKIPSD"	"51517"	22.
"GSKIP"	"51527"	4.
"ZC3HC1"	"51530"	22.
"PHF7"	"51533"	5.
"MTFP1"	"51537"	3.
"SIRT6"	"51548"	4.
"CINP"	"51550"	6.
"RAB6B"	"51560"	10.
"MBIP"	"51562"	17.
"ARMCX3"	"51566"	5.
"UFM1"	"51569"	1.
"PDGFRL"	"5157"	10.
"CYRIB"	"51571"	2.
"LARP7"	"51574"	7.
"PDGFRB"	"5159"	59.
"PIGT"	"51604"	38.
"ATP6V1H"	"51606"	20.
"GET4"	"51608"	6.
"DYNC2LI1"	"51626"	3.
"LUC7L2"	"51631"	53.
"RBMX2"	"51634"	26.
"MRPS23"	"51649"	65.
"PDK4"	"5166"	3.
"FKBP7"	"51661"	2.
"ASB4"	"51666"	9.
"SARAF"	"51669"	3.
"GPRC5B"	"51704"	32.
"DNAJB11"	"51726"	9.
"POLR3K"	"51728"	18.
"WWOX"	"51741"	9.
"CD244"	"51744"	14.
"ERAP1"	"51752"	2.
"SERPINF1"	"5176"	4.
"INPP5K"	"51763"	14.
"COQ3"	"51805"	4.
"PEX7"	"5191"	187.
"PFDN1"	"5201"	21.
"PFDN2"	"5202"	23.
"PFDN4"	"5203"	9.
"ATP5PF"	"522"	8.
"PHF1"	"5252"	7.
"ATP6V1B2"	"526"	16.
"PHKG2"	"5261"	9.
"SERPINA4"	"5267"	12.
"SERPINE2"	"5270"	5.
"SERPINB8"	"5271"	1.
"SERPINB13"	"5275"	7.
"PIGH"	"5283"	10.
"PIM1"	"5292"	43.
"PIN1"	"5300"	7.
"PIP"	"5304"	75.
"PIP4K2A"	"5305"	57.
"PKP2"	"5318"	30.
"PLAU"	"5328"	2.
"BTBD1"	"53339"	42.
"NUDT9"	"53343"	3.
"ATP6V1G2"	"534"	21.
"STX18"	"53407"	19.
"ATP6V0A1"	"535"	14.
"PLTP"	"5360"	6.
"PRKAG3"	"53632"	50.
"PNOC"	"5368"	6.
"PML"	"5371"	10.
"ACP5"	"54"	9.
"RBM11"	"54033"	10.
"YBEY"	"54059"	8.
"MIS18A"	"54069"	27.
"PNLIPRP2"	"5408"	10.
"PNN"	"5411"	17.
"LURAP1"	"541468"	21.
"CYCS"	"54205"	1.
"POLE"	"5426"	5.
"GPR85"	"54329"	7.
"POLR2D"	"5433"	7.
"GNG2"	"54331"	23.
"POLR2E"	"5434"	12.
"POLR2G"	"5436"	19.
"WNT4"	"54361"	9.
"HAO1"	"54363"	1.
"POLR2J"	"5439"	33.
"POLR2L"	"5441"	28.
"SSH1"	"54434"	10.
"GFOD1"	"54438"	11.
"TAF7L"	"54457"	16.
"TOLLIP"	"54472"	24.
"EXOSC4"	"54512"	13.
"ING3"	"54556"	3.
"SGTB"	"54557"	4.
"GNB1L"	"54584"	3.
"CCNJ"	"54619"	4.
"ARL15"	"54622"	6.
"WDR74"	"54663"	10.
"PPARD"	"5467"	3.
"MANSC1"	"54682"	5.
"TMED9"	"54732"	2.
"EPDR1"	"54749"	5.
"TRIM44"	"54765"	113.
"DIRAS2"	"54769"	6.
"PPIA"	"5478"	2.
"KCTD9"	"54793"	8.
"PPID"	"5481"	3.
"ZNF562"	"54811"	10.
"ZCCHC10"	"54819"	59.
"LRRC49"	"54839"	7.
"ESRP1"	"54845"	6.
"DEF8"	"54849"	6.
"ANKRD49"	"54851"	4.
"WDR55"	"54853"	6.
"DNAJC25"	"548645"	54.
"TMEM214"	"54867"	1.
"EPS8L1"	"54869"	17.
"QRICH1"	"54870"	3.
"DPP8"	"54878"	2.
"ST7L"	"54879"	5.
"TEX10"	"54881"	9.
"SEMA4C"	"54910"	9.
"RPP25"	"54913"	14.
"YTHDF1"	"54915"	5.
"LIME1"	"54923"	5.
"HAUS4"	"54930"	18.
"SARS2"	"54938"	7.
"COMMD4"	"54939"	20.
"OCIAD1"	"54940"	59.
"SLC41A3"	"54946"	9.
"MRPL16"	"54948"	4.
"PPM1B"	"5495"	5.
"COMMD8"	"54951"	19.
"SLC35F6"	"54978"	8.
"GID8"	"54994"	21.
"LAMTOR1"	"55004"	15.
"TRMT61B"	"55006"	22.
"PPP1CC"	"5501"	66.
"HEATR3"	"55027"	26.
"FKBP14"	"55033"	1.
"CDCA4"	"55038"	8.
"ATG16L1"	"55054"	9.
"C9orf40"	"55071"	11.
"IFT57"	"55081"	36.
"TMEM51"	"55092"	11.
"WDR60"	"55112"	3.
"SLC6A15"	"55117"	6.
"AKIRIN2"	"55122"	7.
"RBM28"	"55131"	3.
"WRAP53"	"55135"	7.
"RBM23"	"55147"	10.
"MSTO1"	"55154"	5.
"DARS2"	"55157"	8.
"ARHGEF10L"	"55160"	6.
"KLHL11"	"55175"	6.
"PPP2R1A"	"5518"	63.
"DNAJC17"	"55192"	2.
"EVA1B"	"55194"	24.
"PPP2R2B"	"5521"	73.
"BBS7"	"55212"	14.
"TMLHE"	"55217"	3.
"EXD2"	"55218"	8.
"PPP2R2C"	"5522"	24.
"NAT10"	"55226"	9.
"PANK4"	"55229"	3.
"PPP2R3A"	"5523"	28.
"KIRREL1"	"55243"	24.
"SLC47A1"	"55244"	1.
"PACC1"	"55248"	63.
"ELP2"	"55250"	6.
"QRSL1"	"55278"	3.
"FBXW7"	"55294"	26.
"PPP4C"	"5531"	20.
"PEF1"	"553115"	4.
"ABCF3"	"55324"	2.
"PPP3CC"	"5533"	16.
"SYNJ2BP"	"55333"	5.
"STRBP"	"55342"	1.
"ABHD10"	"55347"	6.
"COPRS"	"55352"	14.
"SLC22A15"	"55356"	3.
"PPT1"	"5538"	23.
"AVPR2"	"554"	5.
"ZNF331"	"55422"	7.
"CSGALNACT2"	"55454"	36.
"PRELP"	"5549"	7.
"HES6"	"55502"	2.
"NOP10"	"55505"	7.
"MACROH2A2"	"55506"	19.
"ASIC4"	"55515"	22.
"DHTKD1"	"55526"	2.
"PRG2"	"5553"	11.
"KLK15"	"55554"	12.
"HAUS7"	"55559"	21.
"CNOT11"	"55571"	14.
"SUPT20H"	"55578"	5.
"ITLN1"	"55600"	23.
"PRKAA1"	"5562"	11.
"PNRC2"	"55629"	5.
"SLC39A4"	"55630"	32.
"LRRC40"	"55631"	2.
"LYAR"	"55646"	14.
"RAB20"	"55647"	7.
"PRKAB2"	"5565"	9.
"ZNF692"	"55657"	25.
"HIF1AN"	"55662"	21.
"URGCP"	"55665"	5.
"PRKACB"	"5567"	14.
"PRKACG"	"5568"	7.
"KANSL3"	"55683"	17.
"YJU2"	"55702"	15.
"DOK4"	"55715"	9.
"POLR3E"	"55718"	18.
"TSR1"	"55720"	16.
"CEP72"	"55722"	13.
"ASF1B"	"55723"	26.
"DNAJC11"	"55735"	111.
"VPS35"	"55737"	16.
"ARFGAP1"	"55738"	12.
"NAXD"	"55739"	3.
"EDEM2"	"55741"	29.
"SEPTIN11"	"55752"	13.
"OGDHL"	"55753"	5.
"DHX32"	"55760"	2.
"EXOC1"	"55763"	17.
"INAVA"	"55765"	21.
"PRKAR2B"	"5577"	20.
"PRKCA"	"5578"	2.
"DDX28"	"55794"	271.
"SCN3B"	"55800"	136.
"GLT8D1"	"55830"	7.
"EMC3"	"55831"	11.
"PPP2R2D"	"55844"	35.
"BRK1"	"55845"	29.
"PLGRKT"	"55848"	2.
"USE1"	"55850"	24.
"KIZ"	"55857"	5.
"PBK"	"55872"	7.
"WSB2"	"55884"	8.
"GPRC5C"	"55890"	13.
"RNF114"	"55905"	4.
"BIN3"	"55909"	6.
"APOM"	"55937"	3.
"LIN37"	"55957"	12.
"KLHL9"	"55958"	11.
"SULF2"	"55959"	8.
"SEPTIN3"	"55964"	10.
"SLC25A40"	"55972"	6.
"MAPK8"	"5599"	7.
"NXF5"	"55998"	7.
"NXF2"	"56001"	21.
"MAPK9"	"5601"	3.
"MAPK13"	"5603"	1.
"PCDHGC4"	"56098"	19.
"PCDHGB5"	"56101"	26.
"PCDHGB2"	"56103"	20.
"PCDHGB1"	"56104"	32.
"PCDHGA9"	"56107"	61.
"PCDHGA6"	"56109"	16.
"DNAJC3"	"5611"	22.
"PCDHGA5"	"56110"	45.
"PCDHB11"	"56125"	9.
"PCDHB7"	"56129"	6.
"PCDHAC2"	"56134"	12.
"PCDHA12"	"56137"	6.
"PCDHA8"	"56140"	15.
"PCDHA4"	"56144"	17.
"PCDHA3"	"56145"	9.
"MEPCE"	"56257"	0.
"IL36G"	"56300"	2.
"PRPS1"	"5631"	24.
"PRPSAP2"	"5636"	6.
"CTPS2"	"56474"	2.
"KLK6"	"5653"	1.
"KLK10"	"5655"	1.
"PRTN3"	"5657"	5.
"AZU1"	"566"	63.
"DIABLO"	"56616"	14.
"CLDND1"	"56650"	19.
"TWNK"	"56652"	8.
"NPDC1"	"56654"	2.
"AKIP1"	"56672"	9.
"TMEM9B"	"56674"	58.
"B2M"	"567"	8.
"PSG3"	"5671"	13.
"PSG11"	"5680"	1.
"ZC3HAV1"	"56829"	2.
"SLAMF8"	"56833"	4.
"EMC7"	"56851"	9.
"PSMA5"	"5686"	37.
"KCMF1"	"56888"	25.
"AGPAT3"	"56894"	5.
"EXOSC5"	"56915"	13.
"MCCC1"	"56922"	2.
"NCLN"	"56926"	2.
"SPPL2B"	"56928"	51.
"CA10"	"56934"	50.
"DUSP22"	"56940"	6.
"HMCES"	"56941"	3.
"PSMB7"	"5695"	29.
"PSMB8"	"5696"	8.
"ATXN7L3"	"56970"	23.
"POGLUT1"	"56983"	3.
"PSMG2"	"56984"	9.
"TOMM22"	"56993"	7.
"CTNNBIP1"	"56998"	6.
"PSMC1"	"5700"	17.
"ACKR3"	"57007"	81.
"CCNL1"	"57018"	10.
"PSMC3"	"5702"	24.
"RSRP1"	"57035"	72.
"RARS2"	"57038"	7.
"PSMD2"	"5708"	39.
"NAT14"	"57106"	42.
"REXO4"	"57109"	24.
"PLAAT1"	"57110"	1.
"INTS12"	"57117"	2.
"CHMP1B"	"57132"	4.
"RTN4"	"57142"	26.
"TMEM159"	"57146"	15.
"SCYL3"	"57147"	10.
"SMIM8"	"57150"	9.
"LYZL6"	"57151"	6.
"TMEM63C"	"57156"	48.
"PSMD10"	"5716"	30.
"KIAA1191"	"57179"	69.
"ACTR3B"	"57180"	11.
"PSME1"	"5720"	15.
"THAP11"	"57215"	9.
"LYRM2"	"57226"	3.
"BAG1"	"573"	1.
"PBXIP1"	"57326"	65.
"PTGER3"	"5733"	4.
"JPH3"	"57338"	5.
"SPC25"	"57405"	10.
"NDRG2"	"57447"	5.
"GALNT16"	"57452"	5.
"PTH2R"	"5746"	21.
"MYORG"	"57462"	15.
"STRIP2"	"57464"	4.
"ZNF512B"	"57473"	5.
"ZNF490"	"57474"	2.
"GRAMD1B"	"57476"	24.
"NUFIP2"	"57532"	5.
"ZNF398"	"57541"	2.
"NCEH1"	"57552"	6.
"STAMBPL1"	"57559"	9.
"ARRDC3"	"57561"	18.
"PCDH10"	"57575"	3.
"HOMEZ"	"57594"	4.
"FAM234B"	"57613"	14.
"EPB41L5"	"57669"	23.
"LRRC4C"	"57689"	7.
"DDX55"	"57696"	11.
"MIER1"	"57708"	11.
"SLC7A14"	"57709"	6.
"GPR107"	"57720"	25.
"GBA3"	"57733"	2.
"PTPN4"	"5775"	9.
"CCAR2"	"57805"	4.
"RAP2C"	"57826"	9.
"PTPRA"	"5786"	6.
"PTPRE"	"5791"	3.
"PTX3"	"5806"	19.
"PVR"	"5817"	4.
"NECTIN2"	"5819"	4.
"CTDSP1"	"58190"	3.
"BBS1"	"582"	18.
"PEX19"	"5824"	96.
"SRPRB"	"58477"	31.
"ENOPH1"	"58478"	4.
"RPRD1B"	"58490"	28.
"OVOL2"	"58495"	1.
"DNASE2B"	"58511"	13.
"SINHCAF"	"58516"	19.
"MID1IP1"	"58526"	8.
"RAB4A"	"5867"	10.
"RAB5A"	"5868"	9.
"RAB27A"	"5873"	18.
"RAB27B"	"5874"	11.
"RABGGTA"	"5875"	9.
"RABGGTB"	"5876"	15.
"RABIF"	"5877"	3.
"RAC2"	"5880"	7.
"RAD21"	"5885"	8.
"RAD23A"	"5886"	34.
"RAD23B"	"5887"	8.
"RAD51B"	"5890"	7.
"RAD51D"	"5892"	8.
"IL22RA1"	"58985"	12.
"BCHE"	"590"	7.
"RAP1GDS1"	"5910"	18.
"RAPSN"	"5913"	65.
"EVA1C"	"59271"	37.
"TLNRD1"	"59274"	10.
"RBBP4"	"5928"	70.
"RBBP5"	"5929"	17.
"RBBP7"	"5931"	53.
"SCPEP1"	"59342"	4.
"RBMS2"	"5939"	50.
"CCND1"	"595"	8.
"RCN1"	"5954"	2.
"RDX"	"5962"	9.
"REG1A"	"5967"	4.
"BCL2L1"	"598"	12.
"RFC4"	"5984"	21.
"RFC5"	"5985"	11.
"TRIM27"	"5987"	2.
"BCL2L2"	"599"	6.
"RFX3"	"5991"	4.
"RGS3"	"5998"	34.
"RLN1"	"6013"	35.
"RNASE3"	"6037"	12.
"AVPI1"	"60370"	8.
"RNASE4"	"6038"	7.
"TGIF2"	"60436"	20.
"SAV1"	"60485"	13.
"NIF3L1"	"60491"	2.
"CCDC90B"	"60492"	3.
"BCL7A"	"605"	34.
"RNH1"	"6050"	7.
"ELAC2"	"60528"	7.
"SPCS3"	"60559"	18.
"RINT1"	"60561"	11.
"RP2"	"6102"	9.
"RPA2"	"6118"	7.
"RPL3"	"6122"	39.
"RPL4"	"6124"	2.
"RPL6"	"6128"	3.
"RPL7"	"6129"	0.
"RPL11"	"6135"	23.
"RPL13"	"6137"	63.
"RPL17"	"6139"	20.
"RPL18"	"6141"	3.
"RPL18A"	"6142"	8.
"RPL19"	"6143"	27.
"RPL22"	"6146"	5.
"MRPL23"	"6150"	7.
"RPL26"	"6154"	11.
"RPL30"	"6156"	1.
"RPL28"	"6158"	19.
"RPL31"	"6160"	18.
"RPL37A"	"6168"	0.
"BCS1L"	"617"	5.
"RPLP0"	"6175"	18.
"MRPL12"	"6182"	55.
"MRPS12"	"6183"	15.
"RPN2"	"6185"	15.
"RPS3"	"6188"	48.
"RPS3A"	"6189"	9.
"RPS4X"	"6191"	19.
"ZNF704"	"619279"	15.
"RPS6KB2"	"6199"	6.
"RPS7"	"6201"	16.
"RPS8"	"6202"	22.
"RPS10"	"6204"	82.
"RPS11"	"6205"	1.
"RPS13"	"6207"	2.
"RPS14"	"6208"	11.
"RPS15A"	"6210"	3.
"RPS19"	"6223"	67.
"RPS24"	"6229"	4.
"RRM2"	"6241"	5.
"S100A2"	"6273"	39.
"S100A4"	"6275"	20.
"S100B"	"6285"	22.
"SAA1"	"6288"	5.
"CELA2A"	"63036"	5.
"CLEC11A"	"6320"	41.
"SCN2B"	"6327"	142.
"CX3CL1"	"6376"	7.
"SDC1"	"6382"	75.
"SDC2"	"6383"	24.
"SDC4"	"6385"	43.
"SDCBP"	"6386"	20.
"SH2D4A"	"63898"	9.
"NSUN3"	"63899"	1.
"FAM111A"	"63901"	1.
"BLOC1S5"	"63915"	17.
"MRPS14"	"63931"	5.
"MCUR1"	"63933"	4.
"GPSM3"	"63940"	22.
"OXCT2"	"64064"	2.
"SEMG2"	"6407"	2.
"CDH23"	"64072"	9.
"GOLPH3"	"64083"	9.
"POPDC2"	"64091"	22.
"PARVG"	"64098"	5.
"ELSPBP1"	"64100"	29.
"CENPK"	"64105"	8.
"MOAP1"	"64112"	12.
"LIN7B"	"64130"	19.
"CARD9"	"64170"	7.
"P3H1"	"64175"	28.
"BLMH"	"642"	2.
"TOR3A"	"64222"	8.
"SFRP2"	"6423"	4.
"SFRP4"	"6424"	5.
"SRSF3"	"6428"	39.
"SRSF4"	"6429"	9.
"SRSF5"	"6430"	18.
"SRSF6"	"6431"	8.
"RNF25"	"64320"	6.
"SFSWAP"	"6433"	18.
"CHST8"	"64377"	19.
"GREM2"	"64388"	7.
"SFTPC"	"6440"	29.
"SYCE3"	"644186"	2.
"SGCA"	"6442"	19.
"INF2"	"64423"	8.
"CIAO3"	"64428"	5.
"ZDHHC6"	"64429"	1.
"SGSH"	"6448"	7.
"CCNI2"	"645121"	29.
"ZAR1L"	"646799"	18.
"GORASP1"	"64689"	23.
"C16orf58"	"64755"	2.
"PARP12"	"64761"	17.
"ZNF574"	"64763"	4.
"CREB3L2"	"64764"	310.
"MEAF6"	"64769"	62.
"C11orf1"	"64776"	1.
"TBC1D15"	"64786"	30.
"EPS8L2"	"64787"	2.
"ST3GAL1"	"6482"	2.
"USP46"	"64854"	45.
"DCLRE1B"	"64858"	6.
"PCDH20"	"64881"	27.
"PMEL"	"6490"	5.
"LPIN3"	"64900"	7.
"CENPH"	"64946"	34.
"MRPS26"	"64949"	8.
"MRPS15"	"64960"	1.
"MRPS6"	"64968"	8.
"MRPS5"	"64969"	6.
"MRPL41"	"64975"	24.
"MRPL34"	"64981"	1.
"SKP1"	"6500"	80.
"SKP2"	"6502"	6.
"SLC1A1"	"6505"	41.
"ACD"	"65057"	8.
"SLC2A3"	"6515"	4.
"BMP4"	"652"	33.
"PYCR3"	"65263"	25.
"SLC7A1"	"6541"	11.
"SLC12A4"	"6560"	8.
"SLC15A1"	"6564"	7.
"SLC18A1"	"6570"	10.
"SLC20A1"	"6574"	14.
"SLC22A5"	"6584"	3.
"BMPR2"	"659"	2.
"ZNF747"	"65988"	6.
"FUNDC2"	"65991"	5.
"DDRGK1"	"65992"	10.
"MRPS34"	"65993"	12.
"CHID1"	"66005"	4.
"SMARCC2"	"6601"	22.
"SMARCD1"	"6602"	23.
"MTMR9"	"66036"	8.
"SMARCE1"	"6605"	31.
"SMPD2"	"6610"	264.
"BNIP1"	"662"	9.
"SNCA"	"6622"	5.
"SNRNP70"	"6625"	13.
"SNRPA1"	"6627"	38.
"SNRPB"	"6628"	38.
"SNRPB2"	"6629"	10.
"SNRPC"	"6631"	31.
"SNRPE"	"6635"	43.
"SNRPF"	"6636"	31.
"SPARC"	"6678"	7.
"SPAST"	"6683"	11.
"SPINT1"	"6692"	7.
"SRP9"	"6726"	6.
"SRP14"	"6727"	7.
"SRPK1"	"6732"	11.
"SRPK2"	"6733"	88.
"SRPRA"	"6734"	3.
"SSRP1"	"6749"	8.
"SSTR2"	"6752"	32.
"STAT2"	"6773"	8.
"STAT3"	"6774"	1.
"STK11"	"6794"	18.
"STX3"	"6809"	33.
"STXBP3"	"6814"	3.
"BSG"	"682"	31.
"SUOX"	"6821"	3.
"SURF2"	"6835"	5.
"SURF6"	"6838"	32.
"SUV39H1"	"6839"	30.
"SYP"	"6855"	40.
"SYT1"	"6857"	59.
"TACR1"	"6869"	5.
"TACR3"	"6870"	3.
"TAF12"	"6883"	25.
"TCF4"	"6925"	6.
"GCFC2"	"6936"	4.
"BTK"	"695"	31.
"TDGF1"	"6997"	9.
"TEAD4"	"7004"	12.
"TERF1"	"7013"	8.
"TFAP4"	"7023"	10.
"TGFB1"	"7040"	19.
"LEFTY2"	"7044"	7.
"THY1"	"7070"	18.
"TIMP3"	"7078"	19.
"TLE1"	"7088"	12.
"TLE2"	"7089"	18.
"TSPAN8"	"7103"	1.
"TMOD1"	"7111"	20.
"C1QA"	"712"	41.
"TNNC2"	"7125"	24.
"TNFAIP1"	"7126"	12.
"TNFAIP3"	"7128"	2.
"TNFRSF1B"	"7133"	16.
"C1QC"	"714"	18.
"TP53"	"7157"	8.
"C1S"	"716"	2.
"TPD52"	"7163"	5.
"TPD52L1"	"7164"	18.
"TPM1"	"7168"	15.
"TRAF1"	"7185"	21.
"CCT3"	"7203"	26.
"TSPYL1"	"7259"	10.
"CAPN5"	"726"	4.
"EIPR1"	"7260"	18.
"TTC1"	"7265"	8.
"DNAJC7"	"7266"	28.
"TTR"	"7276"	8.
"TUBA4A"	"7277"	14.
"C5AR1"	"728"	3.
"TUBB2A"	"7280"	18.
"TULP2"	"7288"	6.
"BORCS8"	"729991"	7.
"TYROBP"	"7305"	35.
"C8A"	"731"	3.
"SUMO1"	"7341"	0.
"C9"	"735"	1.
"UPK2"	"7379"	64.
"UQCRB"	"7381"	7.
"UQCRFS1"	"7386"	13.
"UQCRH"	"7388"	9.
"UROD"	"7389"	7.
"MRPL49"	"740"	256.
"VASP"	"7408"	12.
"VEGFB"	"7423"	12.
"VHL"	"7428"	8.
"VIP"	"7432"	9.
"VIPR1"	"7433"	12.
"VIPR2"	"7434"	73.
"VTN"	"7448"	23.
"NELFA"	"7469"	5.
"WNT5A"	"7474"	9.
"WNT10B"	"7480"	31.
"WNT9A"	"7483"	44.
"XPA"	"7507"	13.
"XRCC4"	"7518"	11.
"YES1"	"7525"	3.
"YWHAB"	"7529"	242.
"LDLRAD4"	"753"	11.
"ZFPL1"	"7542"	10.
"ZNF8"	"7554"	5.
"ZNF22"	"7570"	2.
"ZNF24"	"7572"	12.
"MPPED1"	"758"	5.
"ZSCAN21"	"7589"	6.
"ZNF74"	"7625"	12.
"PCGF2"	"7703"	14.
"ZKSCAN8"	"7745"	8.
"ZSCAN9"	"7746"	5.
"ZNF223"	"7766"	11.
"SLC30A2"	"7780"	46.
"SLC30A4"	"7782"	83.
"ZYX"	"7791"	10.
"PTP4A1"	"7803"	8.
"DAP3"	"7818"	3.
"CACNB1"	"782"	7.
"CACNB3"	"784"	6.
"MOGS"	"7841"	10.
"CXCR4"	"7852"	77.
"SLBP"	"7884"	9.
"PRR14"	"78994"	17.
"CAMKV"	"79012"	56.
"AHNAK"	"79026"	2.
"SPATA5L1"	"79029"	5.
"ST8SIA4"	"7903"	3.
"KXD1"	"79036"	67.
"DSCC1"	"79075"	10.
"C11orf49"	"79096"	15.
"ZSCAN5A"	"79149"	25.
"C1orf35"	"79169"	28.
"FBXL15"	"79176"	9.
"ZNF576"	"79177"	7.
"SLC39A7"	"7922"	108.
"HSD17B8"	"7923"	7.
"NELFE"	"7936"	6.
"PAGR1"	"79447"	11.
"TMEM231"	"79583"	13.
"CALCA"	"796"	3.
"FAM118B"	"79607"	7.
"RIC3"	"79608"	87.
"C1orf54"	"79630"	134.
"PPP1R3B"	"79660"	9.
"DHX40"	"79665"	5.
"ZMAT4"	"79698"	3.
"NOL9"	"79707"	5.
"LIN28A"	"79727"	72.
"KCTD17"	"79734"	30.
"MAFK"	"7975"	5.
"SNIP1"	"79753"	23.
"AGMAT"	"79814"	9.
"ZDHHC11"	"79844"	50.
"TCTN2"	"79867"	7.
"UBA5"	"79876"	13.
"DCAKD"	"79877"	2.
"ZNF212"	"7988"	2.
"HDAC11"	"79885"	20.
"CYBRD1"	"79901"	1.
"TUSC3"	"7991"	6.
"SETD6"	"79918"	51.
"MRM1"	"79922"	19.
"DOK3"	"79930"	5.
"COQ8B"	"79934"	1.
"NOL10"	"79954"	5.
"DSN1"	"79980"	13.
"FRMD1"	"79981"	10.
"POF1B"	"79983"	4.
"STN1"	"79991"	8.
"PSCA"	"8000"	5.
"C10orf88"	"80007"	9.
"MINDY3"	"80013"	4.
"FOXRED2"	"80020"	6.
"NRSN2"	"80023"	10.
"LRRTM4"	"80059"	31.
"CALM1"	"801"	84.
"RPF1"	"80135"	4.
"UXS1"	"80146"	23.
"IFT74"	"80173"	5.
"DBF4B"	"80174"	6.
"TTI2"	"80185"	5.
"RNF34"	"80196"	5.
"MUS81"	"80198"	6.
"FUZ"	"80199"	12.
"FBXO11"	"80204"	9.
"TM2D3"	"80213"	4.
"NAA50"	"80218"	5.
"ACSF2"	"80221"	2.
"RAB11FIP1"	"80223"	2.
"ELL3"	"80237"	13.
"C16orf70"	"80262"	11.
"CDK5RAP3"	"80279"	14.
"WDCP"	"80304"	2.
"FLAD1"	"80308"	2.
"PDGFD"	"80310"	8.
"KLHL15"	"80311"	27.
"LRRC27"	"80313"	8.
"CCDC68"	"80323"	6.
"WDR61"	"80349"	18.
"PDCD1LG2"	"80380"	1.
"FOSL1"	"8061"	21.
"UBXN6"	"80700"	14.
"PRR3"	"80742"	29.
"TSEN2"	"80746"	15.
"THAP7"	"80764"	7.
"B9D2"	"80776"	5.
"CYB5B"	"80777"	10.
"INTS5"	"80789"	8.
"DUSP16"	"80824"	1.
"SETD7"	"80854"	8.
"EGFL8"	"80864"	19.
"CDK2AP1"	"8099"	12.
"TUBB1"	"81027"	6.
"COLEC12"	"81035"	6.
"NPRL3"	"8131"	4.
"GAN"	"8139"	7.
"POLR2M"	"81488"	10.
"GDPD5"	"81544"	82.
"LMAN2L"	"81562"	21.
"NDEL1"	"81565"	21.
"CLPB"	"81570"	8.
"CCDC130"	"81576"	17.
"COL21A1"	"81578"	1.
"ITM2C"	"81618"	147.
"TSC22D4"	"81628"	21.
"CCNL2"	"81669"	11.
"CAMK2D"	"817"	59.
"NUAK2"	"81788"	14.
"SPACA1"	"81833"	6.
"RNF146"	"81847"	11.
"SPRY4"	"81848"	4.
"ST6GALNAC5"	"81849"	4.
"SFXN3"	"81855"	10.
"FAHD1"	"81889"	4.
"GDF5"	"8200"	11.
"CHAF1B"	"8208"	3.
"CAPG"	"822"	1.
"ESS2"	"8220"	21.
"SYN3"	"8224"	5.
"PUDP"	"8226"	2.
"CAPN1"	"823"	8.
"ZRSR2"	"8233"	18.
"CAPN2"	"824"	11.
"NAA10"	"8260"	19.
"LAGE3"	"8270"	21.
"COLQ"	"8292"	5.
"CAPZA2"	"830"	46.
"PICALM"	"8301"	3.
"KLRC4"	"8302"	2.
"ACOX3"	"8310"	2.
"BAP1"	"8314"	19.
"CAPZB"	"832"	47.
"SH3BGRL3"	"83442"	2.
"CDCA3"	"83461"	15.
"CHST9"	"83539"	6.
"NUF2"	"83540"	13.
"BCL2L12"	"83596"	8.
"CCM2"	"83605"	13.
"AMMECR1L"	"83607"	6.
"C18orf21"	"83608"	5.
"FAM167A"	"83648"	32.
"INHBE"	"83729"	18.
"L3MBTL2"	"83746"	10.
"KCNK16"	"83795"	9.
"CASP5"	"838"	2.
"NME5"	"8382"	1.
"SYT16"	"83851"	3.
"CDCA7"	"83879"	3.
"FGFBP2"	"83888"	5.
"STARD3NL"	"83930"	5.
"PIP5K1A"	"8394"	15.
"TATDN1"	"83940"	2.
"TSSK1B"	"83942"	8.
"TSSK6"	"83983"	4.
"NCALD"	"83988"	4.
"TMPRSS13"	"84000"	12.
"SLC25A11"	"8402"	6.
"MND1"	"84057"	9.
"DTNBP1"	"84062"	21.
"TEX35"	"84066"	18.
"PLEKHN1"	"84069"	5.
"MYCBPAP"	"84073"	6.
"TKTL2"	"84076"	5.
"KBTBD7"	"84078"	41.
"RAB6C"	"84084"	3.
"PCGF6"	"84108"	27.
"ANXA9"	"8416"	2.
"ANTXR1"	"84168"	5.
"STX7"	"8417"	18.
"BFSP2"	"8419"	11.
"CIAO2A"	"84191"	45.
"POMK"	"84197"	9.
"BBOX1"	"8424"	10.
"CAMKK1"	"84254"	2.
"POLR3GL"	"84265"	12.
"NOA1"	"84273"	9.
"NICN1"	"84276"	10.
"DNAJC30"	"84277"	82.
"EIF1AD"	"84285"	7.
"CAPNS2"	"84290"	6.
"WDR83"	"84292"	34.
"PRXL2A"	"84293"	1.
"UTP23"	"84294"	20.
"LLPH"	"84298"	0.
"UQCC2"	"84300"	3.
"PYM1"	"84305"	67.
"PDCD2L"	"84306"	5.
"ZNF397"	"84307"	15.
"VPS25"	"84313"	8.
"ACBD6"	"84320"	4.
"ZNF414"	"84330"	9.
"MCRIP2"	"84331"	13.
"DYDC2"	"84332"	2.
"NIFK"	"84365"	11.
"HOOK3"	"84376"	6.
"NCK2"	"8440"	55.
"HHIPL1"	"84439"	15.
"LZTS2"	"84445"	8.
"LCOR"	"84458"	6.
"CUL4B"	"8450"	29.
"JPH4"	"84502"	17.
"DCTN5"	"84516"	10.
"PGBD1"	"84547"	14.
"TMEM185A"	"84548"	5.
"MAK16"	"84549"	6.
"FAXC"	"84553"	38.
"TPST2"	"8459"	10.
"TPST1"	"8460"	6.
"ZGPAT"	"84619"	7.
"KRBA1"	"84626"	18.
"FKBP6"	"8468"	37.
"HINT2"	"84681"	6.
"MCEE"	"84693"	10.
"GPT2"	"84706"	3.
"MGARP"	"84709"	13.
"HDGFL2"	"84717"	47.
"PSRC1"	"84722"	28.
"SPSB2"	"84727"	25.
"PCGF1"	"84759"	8.
"HIRIP3"	"8479"	14.
"PYROXD2"	"84795"	1.
"RAE1"	"8480"	52.
"LRCH3"	"84859"	9.
"KLHL22"	"84861"	47.
"TMEM25"	"84866"	17.
"HAVCR2"	"84868"	30.
"CBR4"	"84869"	2.
"C1orf198"	"84886"	4.
"POMGNT2"	"84892"	33.
"LINGO1"	"84894"	11.
"PLXDC2"	"84898"	3.
"FAM136A"	"84908"	5.
"UTP4"	"84916"	15.
"PPFIBP2"	"8495"	5.
"RELT"	"84957"	6.
"PPFIBP1"	"8496"	7.
"FRMD5"	"84978"	10.
"ARHGAP19"	"84986"	4.
"RBM17"	"84991"	21.
"REPS1"	"85021"	9.
"PIK3R3"	"8503"	13.
"PEX3"	"8504"	7.
"KCNAB2"	"8514"	5.
"IKBKG"	"8517"	5.
"ATCAY"	"85300"	10.
"COPS3"	"8533"	30.
"EAF1"	"85403"	32.
"DNAJC14"	"85406"	4.
"SLC22A16"	"85413"	6.
"BLZF1"	"8548"	6.
"PRKRA"	"8575"	9.
"STK16"	"8576"	4.
"ACTL6A"	"86"	3.
"RUVBL1"	"8607"	41.
"STC2"	"8614"	11.
"RFXANK"	"8625"	5.
"SKAP1"	"8631"	9.
"RTCA"	"8634"	5.
"OASL"	"8638"	22.
"PCDHGB4"	"8641"	22.
"LAMTOR3"	"8649"	15.
"CBFB"	"865"	4.
"DYNLL1"	"8655"	96.
"EIF3F"	"8665"	9.
"EIF3I"	"8668"	7.
"STX11"	"8676"	27.
"HYAL2"	"8692"	4.
"S1PR4"	"8698"	15.
"B4GALT3"	"8703"	3.
"B3GALT2"	"8707"	4.
"PAGE1"	"8712"	9.
"SNX4"	"8723"	4.
"SNX3"	"8724"	7.
"GPAA1"	"8733"	7.
"TNFSF13"	"8741"	25.
"CDS2"	"8760"	4.
"TNFRSF6B"	"8771"	14.
"DLK1"	"8788"	100.
"FGF17"	"8822"	13.
"NRP1"	"8829"	9.
"GGH"	"8836"	12.
"PROZ"	"8858"	10.
"CCKBR"	"887"	23.
"CDC123"	"8872"	4.
"SGPL1"	"8879"	23.
"EIF2B2"	"8892"	19.
"BCL10"	"8915"	2.
"CCNC"	"892"	27.
"TOP3B"	"8940"	3.
"P4HA2"	"8974"	49.
"WNT3A"	"89780"	18.
"STBD1"	"8987"	14.
"TPD52L3"	"89882"	7.
"UBE3B"	"89910"	4.
"RHOT2"	"89941"	4.
"RSPRY1"	"89970"	8.
"DPH6"	"89978"	7.
"ACVR1"	"90"	22.
"UBE3D"	"90025"	2.
"CCDC120"	"90060"	39.
"LACRT"	"90070"	2.
"TAF1C"	"9013"	9.
"EFCAB11"	"90141"	4.
"TAF1A"	"9015"	6.
"EMILIN3"	"90187"	22.
"SNX21"	"90203"	14.
"KIAA2013"	"90231"	21.
"CEACAM21"	"90273"	20.
"FAM110B"	"90362"	11.
"RPL14"	"9045"	10.
"LRRC46"	"90506"	28.
"ZFAND2A"	"90637"	2.
"TGIF2LY"	"90655"	17.
"ASH2L"	"9070"	18.
"SEC11C"	"90701"	11.
"DIRAS3"	"9077"	5.
"SPSB3"	"90864"	6.
"TMSB4Y"	"9087"	1.
"PIGQ"	"9091"	8.
"UNC119"	"9094"	25.
"TBX18"	"9096"	3.
"USP10"	"9100"	3.
"MTMR7"	"9108"	5.
"IGFN1"	"91156"	2.
"PDLIM1"	"9124"	12.
"P2RX6"	"9127"	4.
"BOD1"	"91272"	4.
"CDKN2AIPNL"	"91368"	2.
"BTF3L4"	"91408"	9.
"RCCD1"	"91433"	22.
"ISX"	"91464"	5.
"CD3D"	"915"	5.
"ANKRD44"	"91526"	15.
"SLC28A2"	"9153"	2.
"FIBP"	"9158"	20.
"RPS19BP1"	"91582"	2.
"PLXNA4"	"91584"	6.
"CENPL"	"91687"	1.
"NXPE3"	"91775"	4.
"WDR20"	"91833"	8.
"DDX21"	"9188"	1.
"TTC30A"	"92104"	16.
"AURKB"	"9212"	96.
"TMEM88"	"92162"	32.
"VAPB"	"9217"	67.
"VAPA"	"9218"	39.
"MRPS36"	"92259"	4.
"CD6"	"923"	78.
"RAB11B"	"9230"	13.
"TMEM129"	"92305"	13.
"SPSB4"	"92369"	40.
"TBRG4"	"9238"	7.
"PNMA1"	"9240"	10.
"NOG"	"9241"	1.
"ZNF764"	"92595"	8.
"TIMM50"	"92609"	2.
"MAPKAPK2"	"9261"	5.
"MGME1"	"92667"	6.
"TMEM169"	"92691"	71.
"PIWIL1"	"9271"	6.
"ARRDC1"	"92714"	17.
"BPIFB1"	"92747"	3.
"SHKBP1"	"92799"	5.
"ZNF276"	"92822"	15.
"MARS2"	"92935"	51.
"ACVR2B"	"93"	7.
"OLFM2"	"93145"	16.
"COPS2"	"9318"	50.
"IGSF8"	"93185"	17.
"TRIP4"	"9325"	4.
"GTF3C4"	"9329"	14.
"GTF3C3"	"9330"	8.
"OPALIN"	"93377"	35.
"TCEAL1"	"9338"	16.
"EFTUD2"	"9343"	17.
"ARMC6"	"93436"	117.
"RPL23"	"9349"	2.
"CER1"	"9350"	23.
"FBXO44"	"93611"	7.
"MRFAP1"	"93621"	7.
"ADIPOQ"	"9370"	35.
"CD27"	"939"	48.
"TGFBRAP1"	"9392"	28.
"CD28"	"940"	8.
"GRAP2"	"9402"	14.
"LPXN"	"9404"	37.
"SYAP1"	"94056"	6.
"SFXN5"	"94097"	5.
"CD80"	"941"	96.
"MED21"	"9412"	49.
"FAM189A2"	"9413"	7.
"ARHGAP12"	"94134"	5.
"GNG8"	"94235"	24.
"ECEL1"	"9427"	8.
"TNFSF8"	"944"	30.
"MED17"	"9440"	31.
"QKI"	"9444"	2.
"ITM2B"	"9445"	2.
"LY86"	"9450"	45.
"EIF4E2"	"9470"	8.
"ATG5"	"9474"	5.
"NAPSA"	"9476"	1.
"CHST10"	"9486"	2.
"SCARB2"	"950"	17.
"ADAMTS1"	"9510"	6.
"FXR2"	"9513"	8.
"GDF15"	"9518"	26.
"TECR"	"9524"	1.
"TMEM59"	"9528"	8.
"BAG5"	"9529"	3.
"BAG2"	"9532"	48.
"ENTPD2"	"954"	7.
"APBA3"	"9546"	14.
"CHD1L"	"9557"	3.
"CLOCK"	"9575"	2.
"CD40"	"958"	117.
"MAD2L1BP"	"9587"	12.
"CD44"	"960"	48.
"NFE2L3"	"9603"	5.
"RIN1"	"9610"	13.
"RNF7"	"9616"	32.
"CD53"	"963"	19.
"ISG15"	"9636"	2.
"FEZ1"	"9638"	17.
"IKBKE"	"9641"	5.
"MORF4L2"	"9643"	51.
"HS2ST1"	"9653"	11.
"CD68"	"968"	38.
"CLINT1"	"9685"	10.
"VGLL4"	"9686"	13.
"TMEM63A"	"9725"	11.
"CD79A"	"973"	7.
"SART3"	"9733"	12.
"ADGRE5"	"976"	17.
"EIF4A3"	"9775"	5.
"CDA"	"978"	12.
"DHX38"	"9785"	15.
"TOMM20"	"9804"	5.
"SCRN1"	"9805"	8.
"LCMT2"	"9836"	1.
"GINS1"	"9837"	4.
"GAB2"	"9846"	153.
"SETDB1"	"9869"	4.
"POM121"	"9883"	4.
"OSBPL2"	"9885"	3.
"SEPTIN7"	"989"	11.
"SNAP91"	"9892"	14.
"CDC20"	"991"	24.
"FAM20B"	"9917"	16.
"RNF10"	"9921"	23.
"LPGAT1"	"9926"	5.
"CDC25B"	"994"	4.
"GFPT2"	"9945"	4.
"MVP"	"9961"	5.
"CLEC2B"	"9976"	5.
"THOC1"	"9984"	5.
"DGCR2"	"9993"	54.
